{
  "id": "realms-of-aethermoor",
  "title": "Realms of Aethermoor",
  "description": "A complete D&D 5th Edition campaign world featuring the mysterious Realms of Aethermoor, where ancient magic and forgotten empires shape the fate of adventurers.",
  "version": "1.0.0",
  "compatibility": {
    "minimum": "11",
    "verified": "12"
  },
  "authors": [
    {
      "name": "Campaign Creator",
      "email": "worldbuilder@example.com"
    }
  ],
  "system": "dnd5e",
  "coreVersion": "11.315",
  "resetKeys": false,
  "safeMode": false,
  "background": "assets/backgrounds/world-splash.jpg",
  "nextSession": null,
  "media": [
    {
      "type": "cover",
      "url": "assets/backgrounds/world-splash.jpg"
    }
  ]
}
